Metric,UUIDv4 (s),UUIDv7 (s),Speedup (%)
Generation,0.39140839999981836,0.455018900000141,-16.251695160439112
Sorting,0.08532600000035018,0.0649903000003178,23.83294658128697